,Hour,number,filter_prop,recall,success_rate,score,hour_of_week,,,,,
1,0,5786,0.2443829934,0.9955752212,0.0390597995,22075.5782190151,0,,sum of success rate:,,0.0023604688,0.0016118715
2,1,5815,0.2682717111,0.9946524064,0.0321582115,24325.0527632299,1,,24.2325770304,,0.0026009977,0.0013270653
3,2,5554,0.3129276197,0.9668874172,0.0271876125,6396.1123419194,2,,sum of recall:,,0.0006839152,0.0011219447
4,3,5025,0.2941293532,0.9866666667,0.0298507463,20821.0945273632,3,,9352200.89205925,,0.002226331,0.0012318437
5,4,3490,0.2767908309,0.9945355191,0.0524355301,25307.6267869166,4,,,,0.0027060611,0.0021638446
6,5,2554,0.2548942835,0.9906103286,0.0833985904,19190.3533442892,5,,,,0.0020519612,0.0034415898
7,6,2011,0.2426653406,1,0.0726006962,25618.4982595724,6,,,,0.0027393015,0.0029959957
8,7,1563,0.2092130518,1,0.0786948177,21370.0575815739,7,,,,0.0022850298,0.0032474803
9,8,1425,0.2554385965,0.9711538462,0.0729824561,2721.4709851552,8,,,,0.0002909979,0.0030117497
10,9,1318,0.2617602428,0.9887640449,0.0675265554,18492.989036845,9,,,,0.0019773943,0.0027866023
11,10,1645,0.2492401216,1,0.0936170213,26453.4954407295,10,,,,0.002828585,0.0038632714
12,11,2438,0.2317473339,1,0.0931091058,24231.9114027892,11,,,,0.0025910384,0.0038423114
13,12,3407,0.2377458174,0.9958158996,0.0701496918,21437.2334585576,12,,,,0.0022922127,0.0028948507
14,13,4301,0.2678446873,0.9919354839,0.0576610091,21961.4365751401,13,,,,0.002348264,0.0023794832
15,14,4647,0.3010544437,0.9782608696,0.0494942974,14555.653483781,14,,,,0.001556388,0.0020424694
16,15,4826,0.2876087857,0.9903846154,0.0430998757,23153.2388663968,15,,,,0.0024756995,0.0017785923
17,16,5088,0.3016902516,0.9611650485,0.0404874214,104.9532118215,16,,,,1.12223008287368E-005,0.0016707848
18,17,5166,0.3027487418,0.96875,0.0371660859,6686.5902051878,17,,,,0.000714975,0.001533724
19,18,5418,0.2912513843,0.9891304348,0.0339608712,22549.7953680966,18,,,,0.0024111753,0.0014014552
20,19,5481,0.2811530743,0.9880239521,0.0304688925,20326.7997120155,19,,,,0.0021734777,0.0012573526
21,20,5735,0.3163034002,0.9760479042,0.029119442,14611.250385019,20,,,,0.0015623328,0.0012016651
22,21,5841,0.2977229926,0.9814814815,0.0277349769,16870.0793243166,21,,,,0.0018038619,0.0011445327
23,22,5675,0.3189427313,0.9814814815,0.0285462555,19564.986131506,22,,,,0.0020920194,0.0011780115
24,23,5791,0.3350025902,0.9700598802,0.0288378518,11896.2271623219,23,,,,0.0012720243,0.0011900448
25,0,4637,0.2620228596,0.9817073171,0.0353676946,12528.1226823482,24,,,,0.0013395908,0.0014595103
26,1,4891,0.3369454099,0.9350649351,0.0314864036,-17602.7381328547,25,,,,-0.0018822027,0.0012993419
27,2,4691,0.3794500107,0.9495798319,0.0253677254,133.008496513,26,,,,1.42221599009897E-005,0.0010468439
28,3,3946,0.3469336036,0.9572649573,0.0296502788,2535.7813386704,27,,,,0.0002711427,0.001223571
29,4,2816,0.2727272727,0.9858156028,0.0500710227,17379.6260477111,28,,,,0.0018583461,0.002066269
30,5,2160,0.2416666667,0.987654321,0.075,14997.8395061728,29,,,,0.0016036695,0.0030950072
31,6,1649,0.2480291086,0.9765625,0.0776228017,6377.8217859309,30,,,,0.0006819595,0.0032032417
32,7,1212,0.2128712871,1,0.0684818482,21834.6534653465,31,,,,0.0023347075,0.0028260242
33,8,1124,0.2411032028,1,0.0765124555,25420.1067615658,32,,,,0.0027180882,0.0031574213
34,9,1342,0.2585692996,1,0.0737704918,27638.3010432191,33,,,,0.0029552724,0.0030442694
35,10,1768,0.2364253394,1,0.0712669683,24826.0180995475,34,,,,0.0026545642,0.0029409571
36,11,2652,0.2220965309,0.9948186528,0.072775264,18602.1143491274,35,,,,0.0019890627,0.0030031995
37,12,3695,0.2525033829,1,0.051691475,26867.9296346414,36,,,,0.0028728991,0.0021331398
38,13,4645,0.2613562971,0.9942857143,0.0376749193,23135.1068737506,37,,,,0.0024737607,0.0015547219
39,14,5368,0.2814828614,0.9814814815,0.0301788376,14807.5826571728,38,,,,0.001583326,0.0012453829
40,15,5699,0.298297947,0.9695121951,0.0287769784,6769.2051237059,39,,,,0.0007238088,0.0011875327
41,16,6252,0.3008637236,0.9466666667,0.0239923225,-12323.6404350608,40,,,,-0.0013177262,0.0009900855
42,17,6187,0.3148537256,0.9931034483,0.0234362373,28924.3541797874,41,,,,0.0030927858,0.0009671376
43,18,6332,0.3297536323,0.9722222222,0.0227416298,13067.6001965326,42,,,,0.0013972754,0.0009384734
44,19,6193,0.3883416761,0.9669421488,0.0195381883,16020.2193091907,43,,,,0.0017129892,0.0008062778
45,20,6691,0.419369302,0.9465648855,0.0195785383,2640.0540317916,44,,,,0.0002822923,0.0008079429
46,21,5958,0.4149043303,0.9658119658,0.0196374622,18433.0208898185,45,,,,0.0019709821,0.0008103745
47,22,5150,0.4891262136,0.8703703704,0.0209708738,-53266.1560589716,46,,,,-0.0056955744,0.0008654001
48,23,4942,0.5002023472,0.9256198347,0.0244840146,-4897.4423979317,47,,,,-0.0005236674,0.001010376
49,0,4562,0.2825515125,0.9797979798,0.0434020167,13512.3249150868,48,,,,0.0014448283,0.0017910607
50,1,4725,0.3058201058,1,0.033015873,33639.1534391534,49,,,,0.0035969237,0.0013624582
51,2,4602,0.3215993047,0.9841269841,0.0273794003,22151.0481985058,50,,,,0.0023685385,0.0011298592
52,3,3976,0.2794265594,0.9857142857,0.0352112676,18144.3158953723,51,,,,0.0019401119,0.001453055
53,4,3043,0.2034176799,0.9852941176,0.0446927374,8134.0453499836,52,,,,0.0008697466,0.0018443246
54,5,2282,0.1765994741,1,0.0525854514,17228.1332164768,53,,,,0.0018421475,0.0021700313
55,6,1816,0.186123348,1,0.0825991189,18437.6651982379,54,,,,0.0019714787,0.0034085982
56,7,1392,0.2119252874,1,0.0818965517,21714.5114942529,55,,,,0.0023218611,0.0033796055
57,8,1205,0.222406639,1,0.0854771784,23045.643153527,56,,,,0.0024641946,0.0035273664
58,9,1367,0.2136064375,1,0.0921726408,21928.0175566935,57,,,,0.0023446906,0.0038036665
59,10,1911,0.2250130822,0.9941860465,0.0900052329,18434.800968688,58,,,,0.0019711725,0.0037142246
60,11,2890,0.2522491349,0.9959677419,0.0858131488,23408.2207835696,59,,,,0.0025029639,0.0035412308
61,12,3821,0.2392043968,1,0.0575765506,25178.9583878566,60,,,,0.002692303,0.0023759978
62,13,4788,0.2798663325,0.9857819905,0.0440685046,18257.7161703627,61,,,,0.0019522374,0.0018185645
63,14,5439,0.3366427652,0.9671361502,0.0391616106,9619.3588817331,62,,,,0.0010285663,0.0016160729
64,15,5881,0.3383778269,0.9801980198,0.0343479,20942.3008480069,63,,,,0.0022392912,0.0014174266
65,16,6227,0.3308174081,0.9887640449,0.0285851935,27263.2490260789,64,,,,0.0029151693,0.0011796184
66,17,6347,0.4068063652,0.9593023256,0.027099417,11871.3851260988,65,,,,0.0012693681,0.0011183052
67,18,6226,0.4023450048,0.9558823529,0.0218438805,8397.8156119499,66,,,,0.0008979507,0.0009014262
68,19,5802,0.4675973802,0.9692307692,0.0224060669,28031.0211332962,67,,,,0.0029972646,0.0009246258
69,20,6380,0.4310344828,0.9640718563,0.0261755486,19002.4571546562,68,,,,0.0020318701,0.0010801801
70,21,5662,0.4166372307,0.9224806202,0.0227834687,-18178.544574328,69,,,,-0.0019437718,0.0009402
71,22,4985,0.3821464393,0.9734513274,0.022668004,20766.2261119642,70,,,,0.0022204641,0.0009354351
72,23,4671,0.3797901948,0.9576271186,0.0252622565,7016.4055894829,71,,,,0.0007502411,0.0010424915
73,0,4326,0.2015718909,0.9896907216,0.0448451225,11636.7435453814,72,,,,0.0012442786,0.001850613
74,1,4697,0.2559080264,0.9867549669,0.0321481797,16042.041207083,73,,,,0.0017153226,0.0013266513
75,2,4551,0.2823555263,0.9802631579,0.0333992529,13882.8360452879,74,,,,0.0014844459,0.001378279
76,3,4048,0.2411067194,0.9937106918,0.0392786561,20074.6414099983,75,,,,0.0021465152,0.001620903
77,4,3009,0.2140245929,1,0.0535061482,21981.1232967763,76,,,,0.002350369,0.0022080255
78,5,2235,0.1901565996,1,0.05950783,18949.8881431767,77,,,,0.002026249,0.0024556955
79,6,1756,0.2061503417,0.9925373134,0.076309795,14637.8098119879,78,,,,0.0015651727,0.0031490582
80,7,1402,0.134807418,1,0.0741797432,11920.5420827389,79,,,,0.0012746243,0.0030611578
81,8,1225,0.2244897959,1,0.0816326531,23310.2040816327,80,,,,0.0024924833,0.0033687153
82,9,1442,0.2288488211,1,0.0783633842,23863.8002773925,81,,,,0.0025516775,0.0032338032
83,10,1989,0.1985922574,1,0.0658622423,20021.2166918049,82,,,,0.0021408027,0.0027179215
84,11,2833,0.1888457466,0.9949494949,0.0698905754,14490.4805199898,83,,,,0.0015494193,0.0028841578
85,12,3944,0.2152636917,0.990430622,0.0529918864,14004.5175519473,84,,,,0.0014974569,0.0021868036
86,13,4977,0.2372915411,0.9950738916,0.0407876231,20748.8336000776,85,,,,0.0022186044,0.0016831732
87,14,5217,0.2815794518,0.9823529412,0.0325857773,15560.5903776116,86,,,,0.0016638426,0.0013447095
88,15,5725,0.3179039301,0.9897435897,0.0340611354,26455.8504086889,87,,,,0.0028288368,0.0014055928
89,16,6435,0.3073815074,0.9784946237,0.0289044289,15557.8815449783,88,,,,0.001663553,0.0011927922
90,17,6079,0.349564073,0.9818181818,0.0271426221,23740.0918213223,89,,,,0.0025384497,0.0011200881
91,18,6395,0.3824863174,0.9858156028,0.0220484754,31319.0247256556,90,,,,0.00334884,0.0009098692
92,19,6138,0.3721081786,0.9846153846,0.0211795373,28980.8156001705,91,,,,0.003098823,0.0008740109
93,20,6480,0.3899691358,0.9810126582,0.024382716,28186.8397405845,92,,,,0.0030139258,0.0010061958
94,21,5577,0.2942442173,0.9933774834,0.0270754886,26539.8765269371,93,,,,0.0028378215,0.0011173178
95,22,4806,0.3258426966,0.9837398374,0.0255930087,22360.884260528,94,,,,0.0023909756,0.0010561406
96,23,4714,0.3665676708,0.9594594595,0.0313958422,6894.634728067,95,,,,0.0007372206,0.0012956048
97,0,4554,0.275581906,0.9849246231,0.043697848,16984.8317123607,96,,,,0.001816132,0.0018032687
98,1,4625,0.3245405405,0.9705882353,0.0294054054,11016.6486486486,97,,,,0.0011779739,0.0012134659
99,2,4637,0.344619366,0.9319727891,0.0317015312,-19256.4697735898,98,,,,-0.0020590308,0.0013082196
100,3,4121,0.31181752,0.9736842105,0.0368842514,12032.4039898339,99,,,,0.0012865853,0.0015220936
101,4,2961,0.2431610942,0.9934210526,0.0513340088,20089.3537034075,100,,,,0.0021480883,0.0021183883
102,5,2227,0.2667265379,0.992248062,0.0579254603,22085.1230319928,101,,,,0.0023614894,0.0023903962
103,6,1999,0.2371185593,0.9912280702,0.0570285143,17457.916677637,102,,,,0.0018667175,0.0023533822
104,7,1348,0.2982195846,1,0.0645400593,32673.8872403561,103,,,,0.003493711,0.0026633593
105,8,1151,0.3145091225,0.9896907216,0.0842745439,25979.7719598377,104,,,,0.0027779313,0.0034777376
106,9,1331,0.3155522164,0.9916666667,0.0901577761,27791.7981467569,105,,,,0.0029716853,0.0037205195
107,10,1832,0.3073144105,1,0.0895196507,33828.9301310044,106,,,,0.0036172159,0.0036941862
108,11,2640,0.2920454545,0.9910313901,0.084469697,24266.4543416225,107,,,,0.0025947319,0.0034857909
109,12,3818,0.2954426401,0.9869565217,0.0602409639,21234.2587742273,108,,,,0.0022705093,0.0024859495
110,13,4788,0.3124477861,0.987012987,0.048245614,23441.9077998025,109,,,,0.0025065659,0.0019909403
111,14,5239,0.3838518801,0.9815668203,0.0414201183,27880.9860115071,110,,,,0.0029812219,0.0017092742
112,15,5895,0.3750636132,0.9826589595,0.0293469042,27693.1944873435,111,,,,0.002961142,0.0012110517
113,16,6171,0.4141954302,0.9612903226,0.025117485,14499.5938338012,112,,,,0.0015503938,0.0010365173
114,17,6249,0.4399103857,0.9664804469,0.0286445831,22176.9988673048,113,,,,0.0023713134,0.0011820692
115,18,6227,0.4870724265,0.9548022599,0.0284246025,18240.1190732177,114,,,,0.0019503558,0.0011729913
116,19,6405,0.5072599532,0.9791666667,0.0224824356,41513.6807181889,115,,,,0.004438921,0.0009277773
117,20,6393,0.4666040982,0.9509202454,0.0254966369,12340.9290644771,116,,,,0.0013195748,0.0010521637
118,21,5643,0.3820662768,0.9727891156,0.0260499734,20193.1654533158,117,,,,0.0021591886,0.0010749981
119,22,4974,0.3827905107,0.9596774194,0.0249296341,9140.2013048498,118,,,,0.0009773316,0.0010287653
120,23,4772,0.3470243085,0.963963964,0.0232606873,8241.456544558,119,,,,0.0008812318,0.0009598933
121,0,4299,0.3240288439,0.9539170507,0.0504768551,-3218.8437349593,120,,,,-0.0003441803,0.0020830164
122,1,4322,0.3743637205,0.989010989,0.0421101342,33003.5331628113,121,,,,0.003528959,0.0017377489
123,2,4313,0.3876651982,0.9689440994,0.0373290053,17635.9646482612,122,,,,0.0018857555,0.0015404472
124,3,3906,0.3338453661,0.975,0.0409626216,15948.3614951357,123,,,,0.0017053057,0.0016903948
125,4,3028,0.2367899604,0.9844559585,0.0637384412,11659.8897338142,124,,,,0.0012467536,0.0026302791
126,5,2469,0.2312677197,0.9929577465,0.0575131632,18185.0849120645,125,,,,0.0019444712,0.002373382
127,6,1992,0.2786144578,0.9851851852,0.0677710843,17591.4435519857,126,,,,0.001880995,0.0027966932
128,7,1489,0.2605775688,1,0.0725319006,27893.3512424446,127,,,,0.0029825441,0.0029931567
129,8,1385,0.2758122744,1,0.0815884477,29828.1588447653,128,,,,0.0031894267,0.0033668911
130,9,1579,0.2862571248,1,0.0804306523,31154.6548448385,129,,,,0.0033312645,0.0033191126
131,10,2067,0.2723754233,0.9888888889,0.0870827286,19947.2343170457,130,,,,0.002132892,0.0035936223
132,11,3009,0.2834828847,0.9855072464,0.0687936191,18483.4857745604,131,,,,0.0019763782,0.0028388899
133,12,4156,0.2964388835,0.9902912621,0.0495668912,24195.3110253511,132,,,,0.0025871248,0.0020454651
134,13,5287,0.3160582561,0.9872881356,0.0446377908,24134.3137789205,133,,,,0.0025806026,0.0018420571
135,14,5701,0.3357305736,0.9852216749,0.0356077881,24876.2064904351,134,,,,0.0026599307,0.0014694181
136,15,5957,0.3535336579,0.9740932642,0.0323988585,17678.0491623474,135,,,,0.0018902555,0.001336996
137,16,6247,0.3977909397,0.9451476793,0.0379382103,-1305.0232381585,136,,,,-0.0001395418,0.0015655871
138,17,6127,0.4282683205,0.9395604396,0.0297045863,-2183.5496639806,137,,,,-0.0002334798,0.0012258121
139,18,5962,0.4401207648,0.96,0.0251593425,16695.3371351895,138,,,,0.0017851773,0.0010382446
140,19,5982,0.4847876964,0.9617834395,0.0262454029,23883.9610125493,139,,,,0.0025538332,0.0010830628
141,20,6098,0.4970482125,0.950310559,0.026402099,15689.0981464242,140,,,,0.0016775835,0.0010895291
142,21,5204,0.4855880092,0.9320987654,0.0311299001,-1246.3722113094,141,,,,-0.0001332705,0.0012846302
143,22,4809,0.41172801,0.9407894737,0.0316074028,-3239.4901007979,142,,,,-0.000346388,0.0013043352
144,23,4612,0.4516478751,0.9526627219,0.0366435386,11922.5937482359,143,,,,0.0012748436,0.0015121602
145,0,4752,0.2777777778,0.9731800766,0.0549242424,7280.8429118774,144,,,,0.0007785165,0.0022665457
146,1,4854,0.3038730944,0.9785407725,0.0480016481,15151.5396354672,145,,,,0.0016201042,0.0019808726
147,2,5038,0.3406113537,0.9690721649,0.0385073442,11768.9821275829,146,,,,0.0012584184,0.0015890734
148,3,4901,0.3719649051,0.9607843137,0.0416241583,8706.209617085,147,,,,0.0009309263,0.0017176943
149,4,3686,0.2544763972,0.9879032258,0.0672816061,16836.2443771551,148,,,,0.0018002441,0.0027764941
150,5,2894,0.2487906012,0.9945652174,0.0635798203,21776.8411405907,149,,,,0.0023285258,0.0026237333
151,6,2649,0.2770856927,0.9877300613,0.0615326538,19560.4351219467,150,,,,0.0020915328,0.0025392534
152,7,1854,0.2961165049,0.9915254237,0.0636461704,25203.4062859964,151,,,,0.0026949171,0.0026264714
153,8,1595,0.3040752351,0.9838709677,0.0777429467,19707.8774395793,152,,,,0.0021072983,0.0032081997
154,9,1571,0.3418204965,1,0.0770210057,38211.2030553787,153,,,,0.0040857979,0.0031784075
155,10,2133,0.3300515706,0.9826589595,0.0811064229,21976.6650677896,154,,,,0.0023498923,0.0033469995
156,11,3111,0.3021536483,0.9959016393,0.0784313725,29689.9067823851,155,,,,0.0031746438,0.0032366088
157,12,3973,0.3246916688,0.976744186,0.0649383338,16268.4000725829,156,,,,0.0017395264,0.0026797948
158,13,4763,0.3079991602,0.9759036145,0.0522779761,13433.9656336874,157,,,,0.0014364496,0.0021573428
159,14,5125,0.3763902439,0.9955947137,0.0442926829,38857.0675835392,158,,,,0.0041548581,0.0018278156
160,15,5180,0.3689189189,0.9668049793,0.0465250965,13436.9350678479,159,,,,0.0014367672,0.0019199401
161,16,5382,0.3857302118,0.9739130435,0.0427350427,21613.8238573022,160,,,,0.0023110949,0.0017635369
162,17,5321,0.3768088705,0.9814814815,0.0405938733,26913.9858144181,161,,,,0.0028778237,0.0016751777
163,18,5312,0.4348644578,0.9353448276,0.0436746988,-4929.1104071459,162,,,,-0.0005270535,0.0018023134
164,19,5165,0.4524685382,0.9428571429,0.0406582769,3692.0757848154,163,,,,0.0003947815,0.0016778355
165,20,5318,0.4497931553,0.9563106796,0.0387363671,14787.8083957397,164,,,,0.0015812116,0.0015985245
166,21,5290,0.3952741021,0.9644670051,0.0372400756,14796.765278804,165,,,,0.0015821693,0.0015367774
167,22,5109,0.3466431787,0.9594594595,0.0434527305,4364.2242359799,166,,,,0.0004666521,0.0017931535
168,23,5024,0.3260350318,0.9758454106,0.0412022293,15675.0480784024,167,,,,0.0016760812,0.0017002826
169,0,5505,0.2092643052,0.9866666667,0.0408719346,10043.2334241599,168,,,,0.0010738898,0.0016866524
170,1,5646,0.2360963514,0.9802955665,0.0359546582,8035.4681547947,169,,,,0.0008592061,0.0014837323
171,2,5616,0.2460826211,0.9875776398,0.0286680912,15493.4866663127,170,,,,0.0016566674,0.0011830393
172,3,4977,0.2529636327,0.9451219512,0.0329515773,-19719.9601091852,171,,,,-0.0021085903,0.0013598049
173,4,3585,0.2348675035,0.988372093,0.0479776848,14744.4520125847,172,,,,0.0015765756,0.0019798837
174,5,2939,0.2347737326,0.9929577465,0.0483157537,18630.3485424284,173,,,,0.0019920817,0.0019938347
175,6,2394,0.2936507937,1,0.0563909774,32093.6507936508,174,,,,0.0034316682,0.0023270731
176,7,1801,0.2443087174,1,0.0621876735,25827.2071071627,175,,,,0.0027616181,0.002566284
177,8,1539,0.2566601689,1,0.0740740741,27395.8414554906,176,,,,0.002929347,0.0030567972
178,9,1490,0.3214765101,0.9905660377,0.0711409396,27608.6488539952,177,,,,0.0029521018,0.0029357563
179,10,1855,0.2846361186,1,0.084097035,30948.7870619946,178,,,,0.0033092517,0.0034704124
180,11,2618,0.281512605,0.995215311,0.0798319328,26485.1151944031,179,,,,0.002831966,0.0032944054
181,12,3665,0.2867667121,0.9953488372,0.0586630286,27265.8840699261,180,,,,0.0029154511,0.0024208333
182,13,4438,0.2978819288,0.9820627803,0.0502478594,17384.3681858874,181,,,,0.0018588532,0.0020735665
183,14,4901,0.3295245868,0.9724770642,0.0444807182,13255.1271131711,182,,,,0.001417327,0.0018355752
184,15,5031,0.2882130789,0.9909502262,0.0439276486,23710.753329358,183,,,,0.0025353127,0.0018127518
185,16,5179,0.3120293493,0.9893048128,0.0361073566,25336.8182695852,184,,,,0.0027091824,0.0014900337
186,17,5266,0.3159893657,0.9816513761,0.0413976453,19334.319174068,185,,,,0.002067355,0.0017083468
187,18,5241,0.2944094638,0.9885714286,0.0333905743,22475.7161937471,186,,,,0.0024032542,0.0013779209
188,19,4810,0.3264033264,0.9884393064,0.035966736,26426.6328578467,187,,,,0.0028257127,0.0014842307
189,20,5472,0.3126827485,0.9934640523,0.0279605263,28955.1535087719,188,,,,0.0030960791,0.0011538404
190,21,5431,0.3154115264,0.9944444444,0.0331430676,30135.0416334213,189,,,,0.0032222406,0.0013677071
191,22,5203,0.2852200653,0.9727891156,0.028252931,7893.6965983779,190,,,,0.0008440469,0.001165907
192,23,5398,0.3062245276,0.9885057471,0.0322341608,23920.4000630289,191,,,,0.0025577295,0.0013301995
193,0,4508,0.2460070985,0.9863945578,0.0326086957,14478.2756580893,192,,,,0.0015481143,0.0013456553
194,1,4644,0.2571059432,0.9846153846,0.0279931094,14375.5317034387,193,,,,0.0015371282,0.001155185
195,2,4514,0.2968542313,0.9344262295,0.027027027,-23237.2175454142,194,,,,-0.002484679,0.0011153179
196,3,3960,0.2815656566,0.9734513274,0.0285353535,7992.4667024224,195,,,,0.0008546081,0.0011775617
197,4,2834,0.2515878617,0.9935897436,0.0550458716,21302.9404845919,196,,,,0.0022778532,0.0022715649
198,5,2030,0.2325123153,1,0.0527093596,24329.0640394089,197,,,,0.0026014266,0.0021751446
199,6,1792,0.2862723214,0.9894736842,0.0530133929,22209.2164003759,198,,,,0.0023747583,0.0021876911
200,7,1412,0.25,0.9793814433,0.0686968839,9024.2268041237,199,,,,0.0009649308,0.002834898
201,8,1312,0.2858231707,1,0.0632621951,31099.5426829268,200,,,,0.0033253715,0.002610626
202,9,1405,0.2640569395,1,0.0733096085,28335.231316726,201,,,,0.0030297928,0.0030252502
203,10,1947,0.2429378531,1,0.0683102209,25653.1073446328,202,,,,0.0027430022,0.0028189417
204,11,2868,0.2172245467,1,0.0617154812,22387.5174337517,203,,,,0.0023938234,0.0025467981
205,12,3996,0.2687687688,1,0.0510510511,28933.6336336336,204,,,,0.003093778,0.0021067116
206,13,4810,0.2621621622,0.9877300613,0.0338877339,17665.1467418338,205,,,,0.0018888759,0.0013984371
207,14,5541,0.2770258076,0.9944444444,0.032485111,25260.0553450039,206,,,,0.0027009744,0.0013405554
208,15,5701,0.2585511314,1,0.0263111735,27635.9936853184,207,,,,0.0029550257,0.0010857769
209,16,6243,0.2526029153,0.9939759036,0.0265897806,21760.0883109565,208,,,,0.0023267345,0.0010972742
210,17,6105,0.2504504505,1,0.0293202293,26607.2072072072,209,,,,0.0028450209,0.0012099509
211,18,6313,0.2580389672,0.9896373057,0.0305718359,18762.6586802953,210,,,,0.0020062292,0.0012616007
212,19,6274,0.2770162576,1,0.0196047179,29981.0647115078,211,,,,0.0032057764,0.0008090232
213,20,6302,0.3067280228,0.9724137931,0.0230085687,10306.1830398669,212,,,,0.0011020062,0.0009494891
214,21,5835,0.293059126,0.9919354839,0.0212510711,25163.6702877519,213,,,,0.0026906683,0.0008769629
215,22,4882,0.3025399426,0.992481203,0.0272429332,26831.5952724909,214,,,,0.002869014,0.0011242277
216,23,4772,0.287300922,0.9291338583,0.0266135792,-28949.0033726924,215,,,,-0.0030954215,0.0010982563
217,0,4696,0.3206984668,0.9854368932,0.043867121,23150.0645043913,216,,,,0.0024753601,0.0018102541
218,1,4438,0.300135196,0.9731543624,0.0335736818,10098.377950041,217,,,,0.0010797863,0.0013854772
219,2,4676,0.3019674936,0.984375,0.0273738238,19868.621685201,218,,,,0.0021244862,0.0011296291
220,3,4062,0.2988675529,0.9798657718,0.0366814377,15642.0852623266,219,,,,0.0016725566,0.0015137242
221,4,2896,0.2192679558,0.9939759036,0.057320442,17526.5484590295,220,,,,0.001874056,0.0023654291
222,5,2101,0.2070442646,0.9918699187,0.0585435507,14184.0525030666,221,,,,0.001516654,0.0024159028
223,6,1832,0.2794759825,1,0.068231441,30293.4497816594,222,,,,0.0032391787,0.0028156907
224,7,1538,0.2353706112,0.9895833333,0.0624187256,15837.9009536194,223,,,,0.0016934945,0.0025758187
225,8,1347,0.3407572383,0.9684210526,0.0705270973,11234.0640018755,224,,,,0.0012012214,0.002910425
226,9,1499,0.3162108072,0.9745762712,0.0787191461,13348.6030234845,225,,,,0.0014273221,0.0032484843
227,10,2082,0.2872238232,1,0.0706051873,31277.4255523535,226,,,,0.003344392,0.0029136475
228,11,3150,0.2952380952,0.9949748744,0.0631746032,28023.8813113185,227,,,,0.0029965012,0.0026070113
229,12,4172,0.2893096836,0.9862385321,0.052253116,19845.0821114111,228,,,,0.0021219692,0.0021563169
230,13,5288,0.3150529501,0.9905660377,0.0400907716,26792.8567350784,229,,,,0.0028648718,0.0016544163
231,14,5969,0.3560060312,0.9663461538,0.034846708,11406.9967266776,230,,,,0.0012197125,0.0014380108
232,15,6139,0.370092849,0.9853658537,0.0333930608,29362.7674325285,231,,,,0.0031396639,0.0013780235
233,16,6279,0.4019748368,0.9844559585,0.0307373786,32638.3690350349,232,,,,0.0034899132,0.0012684321
234,17,6592,0.3431432039,0.9756097561,0.031098301,17647.4795761307,233,,,,0.0018869868,0.0012833262
235,18,5978,0.3757109401,0.972972973,0.024757444,19542.3164214734,234,,,,0.0020895954,0.0010216596
236,19,5375,0.4336744186,0.9708029197,0.0254883721,25059.1329146155,235,,,,0.0026794904,0.0010518226
237,20,5674,0.4159323229,0.9358974359,0.0274938315,-6863.7744818922,236,,,,-0.0007339208,0.0011345814
238,21,5147,0.4241305615,0.944,0.0242859918,1064.5813095006,237,,,,0.0001138322,0.0010022043
239,22,4455,0.3820426487,0.9765625,0.0287317621,23397.5413860831,238,,,,0.0025018219,0.0011856668
240,23,4615,0.3427952329,0.9626865672,0.029035753,6618.5766724341,239,,,,0.0007077026,0.0011982115
241,0,4603,0.2676515316,0.9717514124,0.0384531827,4780.4450794189,240,,,,0.0005111572,0.0015868384
242,1,4847,0.2649061275,0.9591836735,0.030328038,-6250.7993583239,241,,,,-0.0006683774,0.0012515399
243,2,4745,0.3097997893,0.9671052632,0.0320337197,6184.0469191947,242,,,,0.0006612397,0.0013219279
244,3,4130,0.2767554479,0.9928057554,0.0336561743,23832.8339749508,243,,,,0.0025483663,0.0013888814
245,4,2922,0.2084188912,0.9874213836,0.0544147844,10577.3752792737,244,,,,0.0011310039,0.002245522
246,5,2219,0.2045966652,1,0.0509238396,20783.77647589,245,,,,0.0022223407,0.002101462
247,6,1766,0.2281993205,1,0.0600226501,23781.3137032843,246,,,,0.0025428574,0.0024769404
248,7,1490,0.2832214765,0.9894736842,0.0637583893,21821.7590957259,247,,,,0.0023333287,0.0026311023
249,8,1221,0.2923832924,0.9895833333,0.0786240786,23078.5114660115,248,,,,0.0024677091,0.0032445612
250,9,1440,0.33125,1,0.0743055556,36868.75,249,,,,0.0039422539,0.0030663497
251,10,1957,0.2973939704,1,0.0746039857,32569.0342360756,250,,,,0.0034824994,0.003078665
252,11,2815,0.2493783304,1,0.0674955595,26471.0479573712,251,,,,0.0028304619,0.0027853232
253,12,4148,0.2784474446,1,0.0576181292,30162.8254580521,252,,,,0.0032252115,0.0023777137
254,13,5043,0.2906999802,0.9898989899,0.0392623438,23133.0388957992,253,,,,0.0024735396,0.0016202298
255,14,5545,0.3109107304,0.9889502762,0.0326420198,24893.3975658724,254,,,,0.0026617689,0.0013470305
256,15,5909,0.3095278389,0.9906103286,0.0360467084,26128.8148817313,255,,,,0.002793868,0.001487531
257,16,6123,0.3171647885,0.9837837838,0.0302139474,21296.144356017,256,,,,0.0022771265,0.0012468318
258,17,6259,0.3350375459,0.9941520468,0.0273206583,32379.0080996814,257,,,,0.0034621806,0.0011274351
259,18,6265,0.3454110136,0.980861244,0.0333599362,22399.2561393326,258,,,,0.0023950786,0.0013766566
260,19,5689,0.3969063104,0.9652173913,0.0202144489,15641.884032496,259,,,,0.0016725351,0.0008341849
261,20,5565,0.367115903,0.9871794872,0.028032345,30526.283779114,260,,,,0.0032640749,0.0011568041
262,21,5727,0.387812118,0.9645390071,0.02462022,13910.2950191143,261,,,,0.001487382,0.0010159968
263,22,4820,0.3400414938,0.9307692308,0.0269709544,-20860.8841366103,262,,,,-0.0022305855,0.001113004
264,23,4752,0.3611111111,0.9925925926,0.0284090909,34364.8148148148,263,,,,0.0036745163,0.0011723512
265,0,4133,0.2325187515,0.9634146341,0.0396806194,-6767.679533558,264,,,,-0.0007236457,0.0016374907
266,1,4743,0.2346616066,0.9944444444,0.0379506641,19879.8018131984,265,,,,0.0021256816,0.001566101
267,2,4615,0.258071506,0.9808917197,0.0340195016,11333.0430402109,266,,,,0.0012118049,0.0014038747
268,3,3596,0.2138487208,0.9801324503,0.0419911012,5071.37032317,267,,,,0.0005422649,0.0017328368
269,4,2834,0.1976005646,0.9865771812,0.0525758645,8485.8757276219,268,,,,0.0009073667,0.0021696357
270,5,2294,0.2092414996,0.9932885906,0.0649520488,15668.972458061,269,,,,0.0016754316,0.0026803608
271,6,1968,0.2205284553,1,0.0609756098,22807.1138211382,270,,,,0.0024386895,0.002516266
272,7,1450,0.2579310345,1,0.0786206897,27557.2413793103,271,,,,0.0029466049,0.0032444213
273,8,1293,0.3116782676,1,0.0781129157,34383.1399845321,272,,,,0.0036764758,0.0032234671
274,9,1455,0.3120274914,0.9913043478,0.0790378007,27036.1870611087,273,,,,0.0028908903,0.0032616341
275,10,2035,0.2668304668,1,0.0751842752,28687.4692874693,274,,,,0.0030674565,0.0031026116
276,11,2924,0.2493160055,0.9951456311,0.0704514364,22336.9191027054,275,,,,0.0023884131,0.0029073027
277,12,4116,0.2577745384,0.99543379,0.0532069971,23656.0878363086,276,,,,0.0025294675,0.0021956805
278,13,5143,0.2712424655,0.9859649123,0.0554151274,17317.9685554543,277,,,,0.0018517533,0.0022868029
279,14,5819,0.2936930744,0.9905660377,0.0364323767,24080.1525257209,278,,,,0.0025748113,0.0015034462
280,15,6246,0.2785782901,0.9890909091,0.044028178,20906.7155706926,279,,,,0.0022354862,0.0018169004
281,16,6733,0.3107084509,0.9903381643,0.0307440962,26047.4128795298,280,,,,0.002785164,0.0012687093
282,17,5877,0.3738301855,0.9735099338,0.025693381,19759.8772631439,281,,,,0.0021128585,0.0010602826
283,18,6568,0.3453105968,0.9793814433,0.0295371498,21128.6726019312,282,,,,0.0022592193,0.0012189025
284,19,6459,0.3969654745,0.98,0.0232234092,28214.615265521,283,,,,0.0030168958,0.0009583549
285,20,5911,0.3043478261,0.9716312057,0.0238538318,9338.6987357385,284,,,,0.0009985563,0.0009843704
286,21,5173,0.3357819447,0.966442953,0.0288034023,8920.8170456566,285,,,,0.0009538735,0.0011886232
287,22,4561,0.2764744574,0.9779411765,0.0298180224,11162.256084192,286,,,,0.0011935432,0.0012304932
288,23,4054,0.2770103601,0.9731543624,0.0367538234,7161.5237912345,287,,,,0.0007657581,0.0015167113
289,0,4365,0.2650630011,0.9759615385,0.0476517755,8030.308837783,288,,,,0.0008586544,0.0019664345
290,1,4676,0.2401625321,0.9955156951,0.0476903336,21488.9823811697,289,,,,0.002297746,0.0019680257
291,2,4507,0.2367428445,0.9860465116,0.0477035722,13005.8761306702,290,,,,0.0013906754,0.001968572
292,3,3928,0.2293788187,0.9802955665,0.0516802444,7182.341506727,291,,,,0.0007679841,0.0021326764
293,4,3174,0.2195967234,0.9951456311,0.0649023314,18562.5702767021,292,,,,0.0019848344,0.0026783091
294,5,2561,0.200312378,0.9863013699,0.0570089809,8595.8363866854,293,,,,0.0009191244,0.0023525761
295,6,2178,0.2451790634,1,0.0546372819,25937.741046832,294,,,,0.0027734371,0.0022547037
296,7,1644,0.2767639903,0.9903846154,0.0632603406,21775.9498409134,295,,,,0.0023284305,0.0026105494
297,8,1569,0.2970044614,1,0.0573613767,32519.5666029318,296,,,,0.00347721,0.0023671183
298,9,1752,0.3453196347,1,0.0753424658,38655.5936073059,297,,,,0.0041333151,0.0031091396
299,10,2357,0.2787441663,0.9936708861,0.0670343657,24820.7622863219,298,,,,0.0026540023,0.0027662912
300,11,3461,0.2869112973,0.9945652174,0.0531638255,26618.1695413489,299,,,,0.0028461931,0.002193899
301,12,4403,0.2832159891,0.9955156951,0.0506472859,26956.7714226643,300,,,,0.0028823987,0.0020900495
302,13,5599,0.290051795,0.9809885932,0.0469726737,15476.8821428595,301,,,,0.001654892,0.0019384102
303,14,6417,0.3188405797,0.9834710744,0.0377123266,21243.1668463289,302,,,,0.0022714618,0.0015562656
304,15,5574,0.3078579117,0.9778761062,0.0405453893,15092.6450555836,303,,,,0.0016138068,0.0016731769
305,16,5550,0.3034234234,0.9631336406,0.0390990991,1998.3692448209,304,,,,0.000213679,0.0016134932
306,17,5631,0.2859172438,0.9739583333,0.0340969632,8976.0732995916,305,,,,0.0009597819,0.0014070713
307,18,5542,0.3379646337,0.971563981,0.0380728979,13550.8923669489,306,,,,0.0014489522,0.0015711452
308,19,4869,0.3468884781,0.9759036145,0.034093243,18372.9090112762,307,,,,0.0019645546,0.0014069178
309,20,5287,0.3111405334,0.976744186,0.0325326272,14547.4058792738,308,,,,0.0015555061,0.0013425162
310,21,5538,0.3183459733,0.9798994975,0.03593355,18144.5114703166,309,,,,0.0019401328,0.0014828613
311,22,4833,0.2840885578,0.9784946237,0.0384854128,12599.6769521369,310,,,,0.0013472419,0.0015881684
312,23,4585,0.2750272628,1,0.0396946565,29728.4623773173,311,,,,0.0031787664,0.00163807
313,0,4748,0.2224094356,0.9801324503,0.0636057287,6158.581096537,312,,,,0.0006585168,0.0026248025
314,1,4970,0.2408450704,0.9874476987,0.0480885312,14717.8678767164,313,,,,0.0015737331,0.001984458
315,2,5098,0.2446057277,0.9862385321,0.0427618674,14167.6797160966,314,,,,0.0015149033,0.0017646438
316,3,4885,0.2298874104,0.9866071429,0.0458546571,12611.7725544671,315,,,,0.0013485352,0.0018922732
317,4,3759,0.2221335462,0.9908256881,0.0579941474,15212.7952241837,316,,,,0.001626654,0.0023932307
318,5,2954,0.221394719,0.9893617021,0.0636425186,13874.5761246921,317,,,,0.0014835627,0.0026263207
319,6,2433,0.2309905467,0.9927536232,0.0567200986,17976.3791347236,318,,,,0.0019221549,0.0023406548
320,7,1986,0.2643504532,0.9929078014,0.0709969789,22344.1387585438,319,,,,0.0023891851,0.0029298155
321,8,1857,0.3306408185,1,0.0576198169,36791.3839526117,320,,,,0.0039339814,0.0023777833
322,9,1700,0.3511764706,1,0.0741176471,39399.4117647059,321,,,,0.0042128492,0.0030585953
323,10,2197,0.3076923077,0.9832402235,0.0814747383,19631.1130210571,322,,,,0.0020990902,0.0033621987
324,11,3229,0.3100030969,0.987654321,0.0752554971,23676.5661501286,323,,,,0.0025316571,0.0031055507
325,12,3991,0.2946629917,0.9886363636,0.0661488349,22563.1090407963,324,,,,0.0024125988,0.0027297483
326,13,4725,0.3024338624,0.9892086331,0.0588359788,24036.4386585969,325,,,,0.0025701371,0.0024279704
327,14,5115,0.3032258065,0.9883268482,0.0502443793,23387.498431028,326,,,,0.0025007481,0.0020734229
328,15,5467,0.2977867203,0.9882352941,0.0466434973,22618.9134808853,327,,,,0.0024185658,0.0019248261
329,16,5143,0.3216021777,0.967032967,0.0530818588,7621.4985481173,328,,,,0.0008149417,0.0021905165
330,17,5237,0.355928967,0.9778761062,0.0431544778,21197.6690701459,329,,,,0.0022665968,0.0017808456
331,18,5137,0.3433910843,0.974137931,0.0451625462,16427.9090841965,330,,,,0.0017565821,0.0018637121
332,19,5073,0.3004139562,0.9905660377,0.0417898679,24933.7045178135,331,,,,0.0026660788,0.0017245326
333,20,5226,0.3339073861,0.985,0.0382701875,24456.2380405664,332,,,,0.0026150249,0.0015792867
334,21,5195,0.3226179018,0.9864253394,0.0425409047,24234.011993781,333,,,,0.002591263,0.0017555254
335,22,4997,0.3039823894,0.9742268041,0.038823294,11498.5469632295,334,,,,0.0012295017,0.0016021117
336,23,4878,0.2968429684,0.9952606635,0.0432554326,28470.6209716125,335,,,,0.0030442696,0.0017850117
337,0,5350,0.2573831776,0.980620155,0.0482242991,11014.7953343476,336,,,,0.0011777757,0.0019900607
338,1,5332,0.2794448612,0.9784482759,0.0435108777,11970.5318571022,337,,,,0.0012799695,0.0017955531
339,2,4816,0.2890365449,0.9702970297,0.0419435216,6260.116443538,338,,,,0.0006693736,0.0017308733
340,3,4963,0.3219826718,0.962962963,0.0435220633,4210.317833449,339,,,,0.0004501954,0.0017960146
341,4,3809,0.2719873983,0.9684210526,0.0498818588,2500.2943167844,340,,,,0.0002673482,0.0020584628
342,5,3094,0.2840982547,0.9937106918,0.0513897867,25534.5663954987,341,,,,0.002730327,0.0021206901
343,6,2597,0.2868694648,0.979020979,0.0550635348,13400.2541932461,342,,,,0.001432845,0.0022722938
344,7,1921,0.2956793337,0.9923076923,0.0676730869,25812.8138389461,343,,,,0.0027600791,0.0027926492
345,8,1693,0.3467217956,1,0.0673360898,38833.6680448907,344,,,,0.0041523561,0.0027787424
346,9,1507,0.3715992037,1,0.0723291307,41993.098871931,345,,,,0.0044901836,0.0029847891
347,10,1874,0.3479188901,0.9677419355,0.0827107791,11566.3442007781,346,,,,0.001236751,0.0034132061
348,11,2764,0.3361070912,0.9913043478,0.0832127352,30094.2962310452,347,,,,0.0032178839,0.0034339202
349,12,3649,0.331597698,0.9862068966,0.0794738284,25188.7697148959,348,,,,0.0026933521,0.0032796276
350,13,4452,0.3560197664,0.9743589744,0.0613207547,18219.638537563,349,,,,0.0019481659,0.002530509
351,14,5133,0.3619715566,0.9722222222,0.049094097,17159.2765764011,350,,,,0.0018347849,0.0020259544
352,15,5234,0.3496369889,0.9576923077,0.0496752006,3242.3591311249,351,,,,0.0003466948,0.0020499347
353,16,5179,0.3518053678,0.9923371648,0.0503958293,32965.8717529309,352,,,,0.003524932,0.0020796727
354,17,5209,0.3563063928,0.9960784314,0.0489537339,36717.5785499456,353,,,,0.0039260896,0.0020201621
355,18,5011,0.3530233486,0.9919354839,0.0494911195,32779.1265667145,354,,,,0.0035049639,0.0020423383
356,19,5152,0.399068323,0.9577464789,0.0413431677,9566.184060887,355,,,,0.0010228805,0.0017060987
357,20,5501,0.3772041447,0.968,0.0454462825,15504.9263770223,356,,,,0.0016578906,0.0018754209
358,21,5471,0.3873149333,0.9644670051,0.0360080424,13785.9508418639,357,,,,0.0014740863,0.0014859353
359,22,5092,0.3542812255,0.982832618,0.0457580518,25201.4409542529,358,,,,0.002694707,0.0018882867
360,23,5197,0.3750240523,0.9699570815,0.0448335578,16891.5739602164,359,,,,0.0018061603,0.0018501358
361,0,4743,0.2361374657,0.9853658537,0.0432215897,12350.433758607,360,,,,0.0013205912,0.0017836151
362,1,4794,0.2313308302,0.9935064935,0.0321234877,18659.5349164811,361,,,,0.0019952025,0.0013256323
363,2,4865,0.2365878726,0.9870967742,0.0318602261,13878.9178795212,362,,,,0.0014840269,0.0013147684
364,3,4045,0.2487021014,0.9865771812,0.0368355995,14975.770899528,363,,,,0.0016013098,0.0015200859
365,4,2947,0.2171700034,0.9830508475,0.0600610791,7973.8107699298,364,,,,0.0008526133,0.0024785263
366,5,2222,0.2394239424,0.9655172414,0.0652565257,-4103.5041435178,365,,,,-0.0004387742,0.0026929255
367,6,1815,0.2633608815,0.9827586207,0.0639118457,13591.6595421297,366,,,,0.0014533113,0.002637435
368,7,1376,0.242005814,1,0.0632267442,25534.738372093,367,,,,0.0027303454,0.002609163
369,8,1317,0.3120728929,1,0.0584662111,34433.2574031891,368,,,,0.0036818347,0.0024127112
370,9,1439,0.3022932592,0.989010989,0.06323836,23850.5845787292,369,,,,0.0025502644,0.0026096424
371,10,2087,0.2697652132,0.9925925926,0.0646861524,22763.8857832437,370,,,,0.0024340672,0.0026693881
372,11,2990,0.2471571906,1,0.0632107023,26188.9632107023,371,,,,0.0028002995,0.002608501
373,12,4029,0.2370315215,0.9890710383,0.0454206999,15613.3857402683,372,,,,0.0016694878,0.0018743652
374,13,5126,0.2604369879,0.9942196532,0.0337495123,22962.2026662216,373,,,,0.0024552726,0.0013927331
375,14,5650,0.2819469027,1,0.0299115044,30607.2566371681,374,,,,0.003272733,0.0012343509
376,15,6531,0.2720869698,0.9863945578,0.0225080386,17790.4193188529,375,,,,0.0019022709,0.0009288339
377,16,6179,0.2663861466,1,0.0289690888,28631.0406214598,376,,,,0.0030614228,0.0011954605
378,17,5244,0.2593440122,0.9924242424,0.0251716247,21297.2956105679,377,,,,0.0022772496,0.0010387515
379,18,4953,0.2614577024,0.9938271605,0.03270745,22758.2146248813,378,,,,0.0024334608,0.0013497306
380,19,4790,0.28434238,1,0.0254697286,30911.4822546973,379,,,,0.0033052629,0.0010510532
381,20,6790,0.2665684831,0.9907407407,0.0318114875,20783.8269786723,380,,,,0.0022223461,0.0013127571
382,21,5907,0.2537667175,1,0.0281022516,27028.3731166413,381,,,,0.0028900548,0.0011596889
383,22,5245,0.2575786463,0.989010989,0.034699714,18171.8287432301,382,,,,0.0019430537,0.0014319449
384,23,4916,0.2457282343,0.9925373134,0.0272579333,19664.2021786916,383,,,,0.0021026283,0.0011248467
385,0,4381,0.2656927642,0.9796954315,0.0449669025,11284.0978058228,384,,,,0.0012065714,0.0018556385
386,1,4597,0.3086795736,0.985915493,0.0308897107,22030.4748657269,385,,,,0.002355646,0.0012747184
387,2,3785,0.3627476882,0.96,0.0264200793,6868.9564068692,386,,,,0.0007344749,0.0010902711
388,3,3874,0.274651523,0.9838709677,0.0320082602,15971.0659983013,387,,,,0.0017077334,0.0013208773
389,4,2826,0.2314225053,1,0.0569709837,24190.6581740977,388,,,,0.0025866273,0.0023510081
390,5,2120,0.1910377358,0.9929577465,0.0669811321,13075.8769598725,389,,,,0.0013981604,0.0027640945
391,6,1745,0.212034384,0.9908256881,0.0624641834,13930.201624563,390,,,,0.0014895105,0.0025776946
392,7,1390,0.1971223022,0.9910714286,0.0805755396,12245.246659815,391,,,,0.0013093438,0.0033250917
393,8,1376,0.2369186047,1,0.0639534884,24888.6627906977,392,,,,0.0026612626,0.0026391534
394,9,1471,0.2787219579,0.9888888889,0.0611828688,20753.2442027344,393,,,,0.002219076,0.0025248189
395,10,2157,0.2994900325,0.985915493,0.0658321743,20863.4031355495,394,,,,0.0022308549,0.0027166807
396,11,2957,0.2658099425,0.9900497512,0.0679742983,20100.1512558951,395,,,,0.0021492429,0.0028050792
397,12,4031,0.2847928554,0.980952381,0.052096254,14778.216441625,396,,,,0.0015801859,0.0021498437
398,13,5043,0.3067618481,0.9954545455,0.0436248265,29895.118345862,397,,,,0.0031965864,0.0018002554
399,14,5699,0.3361993332,0.9841269841,0.0331637129,24005.2518264134,398,,,,0.0025668024,0.0013685591
400,15,5973,0.3331659133,0.9831460674,0.0298007701,22786.2282894749,399,,,,0.0024364562,0.0012297813
401,16,6142,0.3407684793,1,0.0319114295,38077.5968739824,400,,,,0.0040715119,0.0013168814
402,17,6392,0.3161764706,0.9765258216,0.0333229036,15001.3601215134,401,,,,0.001604046,0.0013751283
403,18,6369,0.2961218402,0.96,0.0353273669,-1592.5262992621,402,,,,-0.0001702836,0.0014578461
404,19,5835,0.3698371894,0.96,0.029991431,7769.323050557,403,,,,0.0008307481,0.0012376493
405,20,6409,0.3584022468,0.976744186,0.0268372601,20549.6434882632,404,,,,0.0021973056,0.0011074868
406,21,5827,0.338767805,0.9933774834,0.0259138493,32194.372167928,405,,,,0.003442438,0.0010693807
407,22,5000,0.3424,0.9851851852,0.027,25692.2074074074,406,,,,0.002747183,0.0011142026
408,23,4601,0.3212345142,0.968,0.027168007,8396.7833079765,407,,,,0.0008978403,0.0011211357
409,0,2837,0.3038420867,0.977443609,0.0468805076,14215.0126815099,408,,,,0.0015199644,0.0019346068
410,1,987,0.295845998,0.9803921569,0.0516717325,15705.7750759878,409,,,,0.0016793667,0.0021323251
411,2,900,0.3422222222,1,0.0466666667,38262.2222222222,410,,,,0.0040912532,0.0019257822
412,3,879,0.3128555176,0.96875,0.0364050057,7970.1507394767,411,,,,0.0008522219,0.0015023167
413,4,790,0.2632911392,1,0.0493670886,28237.9746835443,412,,,,0.0030193935,0.0020372199
414,5,600,0.2733333333,1,0.05,29513.3333333333,413,,,,0.0031557634,0.0020633381
415,6,525,0.2323809524,1,0.0685714286,24312.380952381,414,,,,0.0025996427,0.0028297209
416,7,1585,0.2567823344,1,0.0744479495,27411.356466877,415,,,,0.002931006,0.0030722258
417,8,1547,0.2902391726,1,0.0588235294,31660.3749191985,416,,,,0.0033853395,0.0024274566
418,9,1817,0.2740781508,1,0.072096863,29607.9251513484,417,,,,0.0031658778,0.0029752041
419,10,2531,0.2813117345,1,0.0707230344,30526.5902805215,418,,,,0.0032641076,0.0029185107
420,11,3522,0.2799545713,0.996,0.0709823964,26954.2305508234,419,,,,0.002882127,0.0029292137
421,12,4630,0.2818574514,1,0.0563714903,30595.8963282937,420,,,,0.0032715183,0.0023262689
422,13,6144,0.3199869792,0.9887640449,0.0434570313,25887.7845564138,421,,,,0.0027680954,0.001793331
423,14,6784,0.3853183962,0.9655172414,0.0427476415,14425.0914931686,422,,,,0.0015424275,0.0017640568
424,15,7254,0.3901295837,0.9770114943,0.0359801489,24806.2272420448,423,,,,0.0026524481,0.0014847843
425,16,7684,0.4173607496,0.9661835749,0.0269390942,19060.8538477594,424,,,,0.0020381142,0.0011116892
426,17,7651,0.3683178669,0.975,0.0313684486,20326.3691020781,425,,,,0.0021734316,0.0012944743
427,18,7658,0.3737268216,0.9721115538,0.0327761818,18558.127063436,426,,,,0.0019843593,0.0013525669
428,19,7620,0.3803149606,0.9628099174,0.0317585302,11488.4297520661,427,,,,0.0012284199,0.0013105717
429,20,7719,0.3983676642,0.9768518519,0.0279828993,25716.7674281355,428,,,,0.0027498091,0.0011547637
430,21,6786,0.4437076334,0.923857868,0.0290303566,-13569.9427456648,429,,,,-0.0014509892,0.0011979888
431,22,5858,0.3781153977,0.9680365297,0.037384773,15651.7057421377,430,,,,0.0016735853,0.0015427485
432,23,5692,0.4230498946,0.9441624365,0.0346099789,1065.4076787798,431,,,,0.0001139205,0.0014282418
433,0,6527,0.2273632603,1,0.0513252643,23675.1340585261,432,,,,0.002531504,0.0021180275
434,1,6775,0.2425092251,0.9888475836,0.039704797,16119.1176833701,433,,,,0.0017235641,0.0016384884
435,2,6771,0.2835622508,0.9770992366,0.0386944321,11346.7569935096,434,,,,0.0012132713,0.0015967939
436,3,5920,0.2523648649,0.9880952381,0.0425675676,16731.2902187903,435,,,,0.0017890217,0.0017566257
437,4,4541,0.2580929311,0.9963235294,0.0598987007,24452.8022462013,436,,,,0.0026146575,0.0024718255
438,5,3579,0.2333053926,0.9955156951,0.0623079072,20618.1256632799,437,,,,0.0022046282,0.0025712456
439,6,2683,0.2113306001,0.9841269841,0.0704435334,8146.9227174035,438,,,,0.0008711236,0.0029069766
440,7,525,0.1923809524,0.9393939394,0.0628571429,-32282.7705627705,439,,,,-0.0034518902,0.0025939108
441,8,458,0.2074235808,1,0.0655021834,21142.7947598253,440,,,,0.0022607293,0.002703063
442,9,454,0.2621145374,1,0.0352422907,28088.5462555066,441,,,,0.0030034156,0.0014543352
443,10,581,0.2323580034,1,0.0602409639,24309.4664371773,442,,,,0.0025993311,0.0024859495
444,11,709,0.2228490832,1,0.053596615,23101.8335684062,443,,,,0.0024702029,0.0022117588
445,12,883,0.2287655719,1,0.0509626274,23853.2276330691,444,,,,0.002550547,0.0021030626
446,13,1071,0.2642390289,1,0.0448179272,28358.3566760037,445,,,,0.0030322656,0.0018494908
447,14,1117,0.2936436885,1,0.0572963295,32092.7484333035,446,,,,0.0034315718,0.002364434
448,15,1233,0.2911597729,1,0.0510948905,31777.2911597729,447,,,,0.0033978409,0.0021085207
449,16,1526,0.2903014417,1,0.0445609436,31668.2830930537,448,,,,0.0033861851,0.0018388859
450,17,5563,0.2637066331,0.9781021898,0.0246269998,9677.6037190457,449,,,,0.0010347943,0.0010162766
451,18,6503,0.2955558973,0.9802955665,0.0312163617,15586.8304814224,450,,,,0.0016666484,0.0012881982
452,19,9582,0.2780212899,0.9679715302,0.0293258192,2884.5045314056,451,,,,0.0003084306,0.0012101816
453,20,9686,0.3645467685,0.9685534591,0.0328308899,14367.8798551239,452,,,,0.00153631,0.0013548245
454,21,8437,0.3176484532,0.9862542955,0.0344909328,23457.5047644417,453,,,,0.0025082336,0.0014233291
455,22,7717,0.3091875081,0.9879518072,0.0322664248,23825.8496731516,454,,,,0.0025476195,0.0013315309
456,23,7159,0.2835591563,0.968503937,0.0354798156,4040.3593076497,455,,,,0.0004320223,0.0014641371
457,0,4120,0.2339805825,0.9890909091,0.0667475728,15242.8067078553,456,,,,0.0016298631,0.0027544562
458,1,4154,0.2539720751,0.9953917051,0.052238806,23137.4028475136,457,,,,0.0024740062,0.0021557264
459,2,4251,0.2907551164,0.9719626168,0.0503410962,7894.1240873505,458,,,,0.0008440927,0.0020774141
460,3,3910,0.2677749361,0.9567567568,0.047314578,-7949.3398769614,459,,,,-0.0008499967,0.0019525195
461,4,2973,0.2186343761,0.9906976744,0.0723175244,14659.5890143071,460,,,,0.0015675015,0.0029843101
462,5,2341,0.2195642888,0.9942857143,0.0747543785,17827.5218160738,461,,,,0.0019062381,0.0030848712
463,6,1950,0.2466666667,0.9933774834,0.0774358974,20497.527593819,462,,,,0.002191733,0.0031955288
464,7,1468,0.2752043597,0.9921259843,0.0865122616,23058.0402926474,463,,,,0.0024655202,0.0035700809
465,8,1439,0.2814454482,1,0.0701876303,30543.5719249479,464,,,,0.0032659234,0.0028964163
466,9,1489,0.3451981195,0.9745762712,0.0792478173,17029.9916904759,465,,,,0.0018209609,0.0032703009
467,10,2175,0.2813793103,0.988700565,0.0813793103,20930.6526397818,466,,,,0.0022380457,0.0033582607
468,11,3048,0.2969160105,0.9832402235,0.0587270341,18262.5232774674,467,,,,0.0019527514,0.0024234746
469,12,4152,0.2935934489,0.9879032258,0.0597302505,21804.1099508981,468,,,,0.0023314416,0.0024648741
470,13,5147,0.3052263454,0.9895833333,0.0559549252,24709.5792047148,469,,,,0.0026421138,0.0023090786
471,14,5933,0.3261419181,0.9820143885,0.046856565,20932.2538126586,470,,,,0.0022382169,0.0019336187
472,15,6053,0.3221543037,1,0.0442755658,35713.5965636874,471,,,,0.0038187371,0.0018271093
473,16,6293,0.318131257,0.9809885932,0.0417924678,19042.9738154349,472,,,,0.0020362024,0.0017246398
474,17,6344,0.3838272383,0.982078853,0.0439785624,28313.084358206,473,,,,0.0030274247,0.0018148529
475,18,6290,0.3171701113,0.991902834,0.0392686804,28198.0130404279,474,,,,0.0030151205,0.0016204913
476,19,6261,0.3245487941,0.98,0.0479156684,19017.6968535378,475,,,,0.0020334996,0.0019773245
477,20,6082,0.3170009865,0.9754098361,0.0401183821,14157.485943472,476,,,,0.0015138133,0.0016555557
478,21,5234,0.3032097822,0.9958847737,0.0464272067,29809.6999517243,477,,,,0.0031874529,0.0019159005
479,22,4576,0.2864947552,0.9840425532,0.0410839161,17621.0041288499,478,,,,0.0018841559,0.0016954002
480,23,4317,0.2585128562,1,0.0449386148,27631.1327310632,479,,,,0.0029545059,0.0018544711
481,0,4685,0.2213447172,0.9810725552,0.0676627535,6822.4510064674,480,,,,0.0007295022,0.0027922228
482,1,4820,0.2744813278,0.9866220736,0.062033195,18287.8911725114,481,,,,0.0019554639,0.0025599091
483,2,4927,0.2861782017,0.9834024896,0.0489141465,17036.747804249,482,,,,0.0018216833,0.0020185285
484,3,4856,0.2848023064,0.9829787234,0.0483937397,16501.8078095972,483,,,,0.0017644839,0.001997053
485,4,3844,0.2276274714,0.9846153846,0.0676378772,10631.7657888418,484,,,,0.0011368197,0.0027911962
486,5,3035,0.247446458,0.9889502762,0.0596375618,16833.4349713745,485,,,,0.0017999437,0.0024610491
487,6,2601,0.2552864283,0.9943502825,0.0680507497,22419.1165066891,486,,,,0.0023972022,0.0028082341
488,7,1892,0.278012685,0.9673202614,0.0808668076,2329.8332158797,487,,,,0.0002491214,0.0033371113
489,8,1752,0.3413242009,0.9921875,0.0730593607,31507.5485159817,488,,,,0.0033689983,0.0030149233
490,9,1688,0.3524881517,0.9920634921,0.0746445498,32819.9635146318,489,,,,0.0035093305,0.0030803389
491,10,2128,0.3421052632,0.9897959184,0.0921052632,29573.8990332975,490,,,,0.0031622395,0.003800886
492,11,3086,0.3253402463,0.9933110368,0.0968891769,30432.5925476366,491,,,,0.0032540568,0.0039983026
493,12,3784,0.3065539112,0.9931034483,0.0766384778,27870.2777575271,492,,,,0.0029800769,0.0031626219
494,13,4697,0.3180753673,0.9807692308,0.0664253779,18849.4177953194,493,,,,0.0020155061,0.0027411603
495,14,5179,0.3429233443,0.9852398524,0.052326704,25805.1392616649,494,,,,0.0027592584,0.0021593537
496,15,5271,0.3329538987,0.9855072464,0.0523619806,24766.3045540406,495,,,,0.0026481793,0.0021608094
497,16,5417,0.3357947203,0.9741697417,0.0500276906,15490.2099240671,496,,,,0.0016563171,0.0020644808
498,17,5320,0.337406015,0.9845559846,0.0486842105,24523.1507823613,497,,,,0.0026221796,0.0020090398
499,18,5166,0.3474641889,0.984,0.0483933411,25327.9519938056,498,,,,0.0027082344,0.0019970365
500,19,5316,0.3342738901,0.9846743295,0.0490970655,24225.9641247849,499,,,,0.0025904025,0.0020260769
501,20,5303,0.370733547,0.969581749,0.0495945691,16027.6471672179,500,,,,0.0017137835,0.0020466073
502,21,5230,0.3319311663,0.9885931559,0.0502868069,27259.4406357007,501,,,,0.0029147621,0.0020751737
503,22,5065,0.306219151,0.9881889764,0.050148075,23650.4621028986,502,,,,0.0025288659,0.0020694487
504,23,4938,0.2966788173,0.9922178988,0.0520453625,25863.4238093212,503,,,,0.0027654906,0.0021477436
,,,,,,,,,,,1,1
,,,,,,,,,,,0.0011682465,0.0007514209
